{
  "next_label_id": 2,
  "labels": [
    {
      "id": 1,
      "name": "hammer",
      "color": [
        0.7539798636645898,
        0.14937325846188587,
        0.5975159483074335
      ]
    }
  ]
}