{
  "next_label_id": 2,
  "labels": [
    {
      "id": 1,
      "name": "hammer",
      "color": [
        0.9669671477424194,
        0.8263335868112097,
        0.7298160368461616
      ]
    }
  ]
}