{
  "next_label_id": 2,
  "labels": [
    {
      "id": 1,
      "name": "hammer",
      "color": [
        0.45112681542913946,
        0.28873328295913225,
        0.6026344847950742
      ]
    }
  ]
}