{
  "next_label_id": 2,
  "labels": [
    {
      "id": 1,
      "name": "hammer",
      "color": [
        0.015164946519315659,
        0.7094856305943688,
        0.6359192750634276
      ]
    }
  ]
}