{
  "next_label_id": 3,
  "labels": [
    {
      "id": 1,
      "name": "hammer",
      "color": [
        0.8628373003619199,
        0.9365368991554688,
        0.822242021886634
      ]
    },
    {
      "id": 2,
      "name": "chair",
      "color": [
        0.8349818842017039,
        0.3127490396563317,
        0.9696221098860591
      ]
    }
  ]
}