{
  "next_label_id": 4,
  "labels": [
    {
      "id": 1,
      "name": "hammer",
      "color": [
        0.5,
        0.5,
        0.5
      ]
    },
    {
      "id": 2,
      "name": "chair",
      "color": [
        0.5,
        0.5,
        0.5
      ]
    },
    {
      "id": 3,
      "name": "hammer",
      "color": [
        0.7265232987847098,
        0.2591729546493552,
        0.7729222851435223
      ]
    }
  ]
}