{
  "next_label_id": 2,
  "labels": [
    {
      "id": 1,
      "name": "hammer",
      "color": [
        0.20190107129496648,
        0.5399123000152595,
        0.846368729116459
      ]
    }
  ]
}